Symbol,Company Name
RELIANCE,Reliance Industries Limited
TCS,Tata Consultancy Services Limited
HDFCBANK,HDFC Bank Limited
INFY,Infosys Limited
HINDUNILVR,Hindustan Unilever Limited
HDFC,Housing Development Finance Corporation Limited
ICICIBANK,ICICI Bank Limited
KOTAKBANK,Kotak Mahindra Bank Limited
SBIN,State Bank of India
BAJFINANCE,Bajaj Finance Limited
BHARTIARTL,Bharti Airtel Limited
ITC,ITC Limited
HCLTECH,HCL Technologies Limited
ASIANPAINT,Asian Paints Limited
WIPRO,Wipro Limited
AXISBANK,Axis Bank Limited
MARUTI,Maruti Suzuki India Limited
LT,Larsen & Toubro Limited
ULTRACEMCO,UltraTech Cement Limited
DMART,Avenue Supermarts Limited
ADANIGREEN,Adani Green Energy Limited
BAJAJFINSV,Bajaj Finserv Limited
SUNPHARMA,Sun Pharmaceutical Industries Limited
ADANIPORTS,Adani Ports and Special Economic Zone Limited
HDFCLIFE,HDFC Life Insurance Company Limited
TITAN,Titan Company Limited
ONGC,Oil & Natural Gas Corporation Limited
HINDZINC,Hindustan Zinc Limited
ADANIENT,Adani Enterprises Limited
JSWSTEEL,JSW Steel Limited
POWERGRID,Power Grid Corporation of India Limited
SHREECEM,SHREE CEMENT LIMITED
BAJAJ-AUTO,Bajaj Auto Limited
ATGL,Adani Total Gas Limited
NTPC,NTPC Limited
TATAMOTORS,Tata Motors Limited
ADANITRANS,Adani Transmission Limited
M&M,Mahindra & Mahindra Limited
DIVISLAB,Divi's Laboratories Limited

TECHM,Tech Mahindra Limited
DABUR,Dabur India Limited
GRASIM,Grasim Industries Limited
BPCL,Bharat Petroleum Corporation Limited
PIDILITIND,Pidilite Industries Limited
TATASTEEL,Tata Steel Limited
SBILIFE,SBI Life Insurance Company Limited
BRITANNIA,Britannia Industries Limited
SBICARD,SBI Cards and Payment Services Limited
IOC,Indian Oil Corporation Limited
VEDL,Vedanta Limited
COALINDIA,Coal India Limited
DRREDDY,Dr. Reddy's Laboratories Limited
GODREJCP,Godrej Consumer Products Limited
BERGEPAINT,Berger Paints (I) Limited
INDUSINDBK,IndusInd Bank Limited
HINDALCO,Hindalco Industries Limited
EICHERMOT,Eicher Motors Limited
DLF,DLF Limited
LTI,Larsen & Toubro Infotech Limited
INDUSTOWER,Indus Towers Limited
HAVELLS,Havells India Limited
CIPLA,Cipla Limited
SIEMENS,Siemens Limited
ICICIGI,ICICI Lombard General Insurance Company Limited
ICICIPRULI,ICICI Prudential Life Insurance Company Limited
MOTHERSUMI,Motherson Sumi Systems Limited
INDIGO,InterGlobe Aviation Limited
HDFCAMC,HDFC Asset Management Company Limited
AMBUJACEM,Ambuja Cements Limited
GAIL,GAIL (India) Limited
TATACONSUM,TATA CONSUMER PRODUCTS LIMITED
HEROMOTOCO,Hero MotoCorp Limited
NAUKRI,Info Edge (India) Limited
BANDHANBNK,Bandhan Bank Limited
MARICO,Marico Limited
AUROPHARMA,Aurobindo Pharma Limited
BIOCON,Biocon Limited
UPL,UPL Limited
MUTHOOTFIN,Muthoot Finance Limited

LUPIN,Lupin Limited
CHOLAFIN,Cholamandalam Investment and Finance Company Limited
CADILAHC,Cadila Healthcare Limited
TORNTPHARM,Torrent Pharmaceuticals Limited
COLPAL,Colgate Palmolive (India) Limited
HONAUT,Honeywell Automation India Limited
APOLLOHOSP,Apollo Hospitals Enterprise Limited
BOSCHLTD,Bosch Limited
IDBI,IDBI Bank Limited
PGHH,Procter & Gamble Hygiene and Health Care Limited
GLAND,Gland Pharma Limited
MCDOWELL-N,United Spirits Limited
NMDC,NMDC Limited
PEL,Piramal Enterprises Limited
GODREJPROP,Godrej Properties Limited
YESBANK,Yes Bank Limited
JUBLFOOD,Jubilant Foodworks Limited
PNB,Punjab National Bank
AUBANK,AU Small Finance Bank Limited
BANKBARODA,Bank of Baroda
GUJGASLTD,Gujarat Gas Limited
BAJAJHLDNG,Bajaj Holdings & Investment Limited
CONCOR,Container Corporation of India Limited
SRTRANSFIN,Shriram Transport Finance Company Limited
IGL,Indraprastha Gas Limited
ACC,ACC Limited
JINDALSTEL,Jindal Steel & Power Limited
GICRE,General Insurance Corporation of India
MRF,MRF Limited
HINDPETRO,Hindustan Petroleum Corporation Limited
MINDTREE,MindTree Limited
3MINDIA,3M India Limited
PIIND,PI Industries Limited
PAGEIND,Page Industries Limited
PETRONET,Petronet LNG Limited
ASHOKLEY,Ashok Leyland Limited
HAL,Hindustan Aeronautics Limited
MPHASIS,MphasiS Limited
VOLTAS,Voltas Limited
ALKEM,Alkem Laboratories Limited

TATAPOWER,Tata Power Company Limited
UBL,United Breweries Limited
ADANIPOWER,Adani Power Limited
BALKRISIND,Balkrishna Industries Limited
SAIL,Steel Authority of India Limited
ASTRAL,Astral Poly Technik Limited
KANSAINER,Kansai Nerolac Paints Limited
SRF,SRF Limited
IDFCFIRSTB,IDFC First Bank Limited
BEL,Bharat Electronics Limited
TATACOMM,Tata Communications Limited
PFC,Power Finance Corporation Limited
IRFC,Indian Railway Finance Corporation Limited
ABB,ABB India Limited
DALBHARAT,Dalmia Bharat Limited
MFSL,Max Financial Services Limited
VBL,Varun Beverages Limited
ABCAPITAL,Aditya Birla Capital Limited
SUNDARMFIN,Sundaram Finance Limited
WHIRLPOOL,Whirlpool of India Limited
IRCTC,Indian Railway Catering And Tourism Corporation Limited
LTTS,L&T Technology Services Limited
TVSMOTOR,TVS Motor Company Limited
BHARATFORG,Bharat Forge Limited
OFSS,Oracle Financial Services Software Limited
TRENT,Trent Limited
IDEA,Vodafone Idea Limited
IOB,Indian Overseas Bank
SUPREMEIND,Supreme Industries Limited
RECLTD,REC Limited
CUMMINSIND,Cummins India Limited
NIACL,The New India Assurance Company Limited
CANBK,Canara Bank
CROMPTON,Crompton Greaves Consumer Electricals Limited
M&MFIN,Mahindra & Mahindra Financial Services Limited
NHPC,NHPC Limited
GLAXO,GlaxoSmithKline Pharmaceuticals Limited
IPCALAB,IPCA Laboratories Limited
L&TFH,L&T Finance Holdings Limited
RAMCOCEM,The Ramco Cements Limited

INDIAMART,Indiamart Intermesh Limited
TIINDIA,Tube Investments of India Limited
AARTIIND,Aarti Industries Limited
COROMANDEL,Coromandel International Limited
DEEPAKNTR,Deepak Nitrite Limited
LALPATHLAB,Dr. Lal Path Labs Ltd.
JKCEMENT,JK Cement Limited
BANKINDIA,Bank of India
UNIONBANK,Union Bank of India
RELAXO,Relaxo Footwears Limited
SYNGENE,Syngene International Limited
LICHSGFIN,LIC Housing Finance Limited
EMAMILTD,Emami Limited
DIXON,Dixon Technologies (India) Limited
ATUL,Atul Limited
OBEROIRLTY,Oberoi Realty Limited
NAM-INDIA,Nippon Life India Asset Management Limited
PFIZER,Pfizer Limited
POLYCAB,Polycab India Limited
ENDURANCE,Endurance Technologies Limited
TORNTPOWER,Torrent Power Limited
MAXHEALTH,Max Healthcare Institute Limited
ZEEL,Zee Entertainment Enterprises Limited
LAURUSLABS,Laurus Labs Limited
AIAENG,AIA Engineering Limited
GILLETTE,Gillette India Limited
TATACHEM,Tata Chemicals Limited
AAVAS,Aavas Financiers Limited
RUCHI,Ruchi Soya Industries Limited
APLLTD,Alembic Pharmaceuticals Limited
SUNTV,Sun TV Network Limited
GODREJIND,Godrej Industries Limited
SANOFI,Sanofi India Limited
BATAINDIA,Bata India Limited
COFORGE,Coforge Limited
APLAPOLLO,APL Apollo Tubes Limited
ESCORTS,Escorts Limited
ABFRL,Aditya Birla Fashion and Retail Limited
SCHAEFFLER,Schaeffler India Limited
BHEL,Bharat Heavy Electricals Limited

SUNDRMFAST,Sundram Fasteners Limited
TATAELXSI,Tata Elxsi Limited
THERMAX,Thermax Limited
HATSUN,Hatsun Agro Product Limited
EXIDEIND,Exide Industries Limited
AJANTPHARM,Ajanta Pharma Limited
GSPL,Gujarat State Petronet Limited
LINDEINDIA,Linde India Limited
FEDERALBNK,The Federal Bank Limited
NATCOPHARM,Natco Pharma Limited
FORTIS,Fortis Healthcare Limited
KAJARIACER,Kajaria Ceramics Limited
MINDAIND,Minda Industries Limited
PERSISTENT,Persistent Systems Limited
GMRINFRA,GMR Infrastructure Limited
AMARAJABAT,Amara Raja Batteries Limited
SUMICHEM,Sumitomo Chemical India Limited
JSWENERGY,JSW Energy Limited
VINATIORGA,Vinati Organics Limited
APOLLOTYRE,Apollo Tyres Limited
RAJESHEXPO,Rajesh Exports Limited
AFFLE,Affle (India) Limited
MAHABANK,Bank of Maharashtra
NAVINFLUOR,Navin Fluorine International Limited
PHOENIXLTD,The Phoenix Mills Limited
CRISIL,CRISIL Limited
OIL,Oil India Limited
BLUEDART,Blue Dart Express Limited
INDHOTEL,The Indian Hotels Company Limited
GLENMARK,Glenmark Pharmaceuticals Limited
INDIANB,Indian Bank
SUVENPHAR,Suven Pharmaceuticals Limited
MANAPPURAM,Manappuram Finance Limited
ZYDUSWELL,Zydus Wellness Limited
VAIBHAVGBL,Vaibhav Global Limited
WABCOINDIA,WABCO India Limited
RBLBANK,RBL Bank Limited
CASTROLIND,Castrol India Limited
ISEC,ICICI Securities Limited
PRESTIGE,Prestige Estates Projects Limited

ALKYLAMINE,Alkyl Amines Chemicals Limited
SOLARINDS,Solar Industries India Limited
MGL,Mahanagar Gas Limited
CUB,City Union Bank Limited
METROPOLIS,Metropolis Healthcare Limited
INDIGOPNTS,Indigo Paints Limited
CHOLAHLDNG,Cholamandalam Financial Holdings Limited
BAJAJELEC,Bajaj Electricals Limited
AMBER,Amber Enterprises India Limited
SKFINDIA,SKF India Limited
TANLA,Tanla Platforms Limited
HINDCOPPER,Hindustan Copper Limited
UCOBANK,UCO Bank
IIFLWAM,Iifl Wealth Management Limited
JUBLPHARMA,Jubilant Pharmova Limited
VGUARD,V-Guard Industries Limited
ITI,ITI Limited
IIFL,IIFL Finance Limited
KEC,KEC International Limited
GRINDWELL,Grindwell Norton Limited
AEGISCHEM,Aegis Logistics Limited
AKZOINDIA,Akzo Nobel India Limited
CREDITACC,CREDITACCESS GRAMEEN LIMITED
QUESS,Quess Corp Limited
PGHL,Procter & Gamble Health Limited
SJVN,SJVN Limited
NATIONALUM,National Aluminium Company Limited
GODREJAGRO,Godrej Agrovet Limited
TTKPRESTIG,TTK Prestige Limited
ALOKINDS,Alok Industries Limited
GRAPHITE,Graphite India Limited
IEX,Indian Energy Exchange Limited
INTELLECT,Intellect Design Arena Limited
ORCHPHARMA,Orchid Pharma Limited
TIMKEN,Timken India Limited
JBCHEPHARM,JB Chemicals & Pharmaceuticals Limited
CARBORUNIV,Carborundum Universal Limited
SFL,Sheela Foam Limited
CENTRALBK,Central Bank of India
CHAMBLFERT,Chambal Fertilizers & Chemicals Limited

MOTILALOFS,Motilal Oswal Financial Services Limited
IBULHSGFIN,Indiabulls Housing Finance Limited
GALAXYSURF,Galaxy Surfactants Limited
SHRIRAMCIT,Shriram City Union Finance Limited
BLUESTARCO,Blue Star Limited
BASF,BASF India Limited
CGPOWER,CG Power and Industrial Solutions Limited
RATNAMANI,Ratnamani Metals & Tubes Limited
DHANI,Dhani Services Limited
SYMPHONY,Symphony Limited
HUDCO,Housing & Urban Development Corporation Limited
KIOCL,KIOCL Limited
NBCC,NBCC (India) Limited
NH,Narayana Hrudayalaya Ltd.
ERIS,Eris Lifesciences Limited
CANFINHOME,Can Fin Homes Limited
ROUTE,ROUTE MOBILE LIMITED
WELSPUNIND,Welspun India Limited
JMFINANCIL,JM Financial Limited
DBL,Dilip Buildcon Limited
HAPPSTMNDS,Happiest Minds Technologies Limited
FSL,Firstsource Solutions Limited
FINPIPE,Finolex Industries Limited
POLYMED,Poly Medicure Limited
CESC,CESC Limited
DCMSHRIRAM,DCM Shriram Limited
BBTC,Bombay Burmah Trading Corporation Limited
STLTECH,Sterlite Technologies Limited
STAR,Strides Pharma Science Limited
IDFC,IDFC Limited
ASAHIINDIA,Asahi India Glass Limited
ASTRAZEN,AstraZeneca Pharma India Limited
GRANULES,Granules India Limited
RADICO,Radico Khaitan Limited
VTL,Vardhman Textiles Limited
EPL,EPL Limited
PVR,PVR Limited
REDINGTON,Redington (India) Limited
UTIAMC,UTI Asset Management Company Limited
KPRMILL,K.P.R. Mill Limited

BIRLACORPN,Birla Corporation Limited
LAXMIMACH,Lakshmi Machine Works Limited
JCHAC,Johnson Controls - Hitachi Air Conditioning India Limited
TRIDENT,Trident Limited
CYIENT,Cyient Limited
CENTURYPLY,Century Plyboards (India) Limited
BSOFT,BIRLASOFT LIMITED
KALYANKJIL,Kalyan Jewellers India Limited
FINEORG,Fine Organic Industries Limited
NLCINDIA,NLC India Limited
ASTERDM,Aster DM Healthcare Limited
EQUITASBNK,Equitas Small Finance Bank Limited
CDSL,Central Depository Services (India) Limited
MRPL,Mangalore Refinery and Petrochemicals Limited
CGCL,Capri Global Capital Limited
PNCINFRA,PNC Infratech Limited
ORIENTELEC,Orient Electric Limited
PRSMJOHNSN,Prism Johnson Limited
AARTIDRUGS,Aarti Drugs Limited
TEAMLEASE,Teamlease Services Limited
MMTC,MMTC Limited
FLUOROCHEM,Gujarat Fluorochemicals Limited
INFIBEAM,Infibeam Avenues Limited
PNBHOUSING,PNB Housing Finance Limited
CEATLTD,CEAT Limited
GMMPFAUDLR,GMM Pfaudler Limited
SUNCLAYLTD,Sundaram Clayton Limited
ZENSARTECH,Zensar Technologies Limited
MAHINDCIE,Mahindra CIE Automotive Limited
BDL,Bharat Dynamics Limited
RVNL,Rail Vikas Nigam Limited
ELGIEQUIP,Elgi Equipments Limited
KNRCON,KNR Constructions Limited
SEQUENT,Sequent Scientific Limited
VAKRANGEE,Vakrangee Limited
EDELWEISS,Edelweiss Financial Services Limited
BRIGADE,Brigade Enterprises Limited
FINCABLES,Finolex Cables Limited
EIHOTEL,EIH Limited
POWERINDIA,ABB Power Products and Systems India Limited

RITES,RITES Limited
SIS,SIS LIMITED
TATASTLBSL,Tata Steel Bsl Limited
BALAMINES,Balaji Amines Limited
HEG,HEG Limited
AVANTIFEED,Avanti Feeds Limited
EIDPARRY,EID Parry India Limited
KALPATPOWR,Kalpataru Power Transmission Limited
VMART,V-Mart Retail Limited
ROSSARI,Rossari Biotech Limited
SONATSOFTW,Sonata Software Limited
JUSTDIAL,Just Dial Limited
HEIDELBERG,HeidelbergCement India Limited
GARFIBRES,Garware Technical Fibres Limited
UJJIVANSFB,Ujjivan Small Finance Bank Limited
TATAINVEST,Tata Investment Corporation Limited
VSTIND,VST Industries Limited
BEML,BEML Limited
CENTURYTEX,Century Textiles & Industries Limited
INDIACEM,The India Cements Limited
SCI,Shipping Corporation Of India Limited
JKLAKSHMI,JK Lakshmi Cement Limited
CERA,Cera Sanitaryware Limited
JYOTHYLAB,Jyothy Labs Limited
VIPIND,VIP Industries Limited
SOLARA,Solara Active Pharma Sciences Limited
TV18BRDCST,TV18 Broadcast Limited
COCHINSHIP,Cochin Shipyard Limited
BURGERKING,Burger King India Limited
VARROC,Varroc Engineering Limited
RALLIS,Rallis India Limited
ANURAS,Anupam Rasayan India Limited
KPITTECH,KPIT Technologies Limited
FDC,FDC Limited
NCC,NCC Limited
RAIN,Rain Industries Limited
THYROCARE,Thyrocare Technologies Limited
GODFRYPHLP,Godfrey Phillips India Limited
KEI,KEI Industries Limited
GPPL,Gujarat Pipavav Port Limited

GNFC,Gujarat Narmada Valley Fertilizers and Chemicals Limited
MASFIN,MAS Financial Services Limited
LXCHEM,Laxmi Organic Industries Limited
GESHIP,The Great Eastern Shipping Company Limited
PRINCEPIPE,Prince Pipes And Fittings Limited
WOCKPHARMA,Wockhardt Limited
HATHWAY,Hathway Cable & Datacom Limited
BALRAMCHIN,Balrampur Chini Mills Limited
IFBIND,IFB Industries Limited
NAZARA,Nazara Technologies Limited
RESPONIND,Responsive Industries Limited
KARURVYSYA,Karur Vysya Bank Limited
LUXIND,Lux Industries Limited
ENGINERSIN,Engineers India Limited
DELTACORP,Delta Corp Limited
MAZDOCK,Mazagon Dock Shipbuilders Limited
RCF,Rashtriya Chemicals and Fertilizers Limited
JSWHL,JSW Holdings Limited
SUZLON,Suzlon Energy Limited
KRBL,KRBL Limited
MAHLOG,Mahindra Logistics Limited
IRCON,Ircon International Limited
SWSOLAR,Sterling And Wilson Solar Limited
SOBHA,Sobha Limited
JUBLINGREA,Jubilant Ingrevia Limited
SUNTECK,Sunteck Realty Limited
MAHSCOOTER,Maharashtra Scooters Limited
RAILTEL,Railtel Corporation Of India Limited
CSBBANK,CSB Bank Limited
BHARATRAS,Bharat Rasayan Limited
STARCEMENT,Star Cement Limited
SUPPETRO,Supreme Petrochem Limited
HOMEFIRST,Home First Finance Company India Limited
HEMIPROP,Hemisphere Properties India Limited
SPANDANA,Spandana Sphoorty Financial Limited
AGCNET,AGC Networks Limited
INDOSTAR,IndoStar Capital Finance Limited
ADVENZYMES,Advanced Enzyme Technologies Limited
SUPRAJIT,Suprajit Engineering Limited
ECLERX,eClerx Services Limited

BAJAJCON,Bajaj Consumer Care Limited
IRB,IRB Infrastructure Developers Limited
NETWORK18,Network18 Media & Investments Limited
FACT,Fertilizers and Chemicals Travancore Limited
SPARC,Sun Pharma Advanced Research Company Limited
NESCO,Nesco Limited
IBREALEST,Indiabulls Real Estate Limited
TASTYBITE,Tasty Bite Eatables Limited
TCIEXP,TCI Express Limited
GULFOILLUB,Gulf Oil Lubricants India Limited
WELCORP,Welspun Corp Limited
HGS,Hinduja Global Solutions Limited
SUDARSCHEM,Sudarshan Chemical Industries Limited
MOIL,MOIL Limited
PRAJIND,Praj Industries Limited
TATASTLLP,Tata Steel Long Products Limited
TECHNOE,Techno Electric & Engineering Company Limited
PAISALO,Paisalo Digital Limited
PRIVISCL,Privi Speciality Chemicals Limited
MIDHANI,Mishra Dhatu Nigam Limited
SWANENERGY,Swan Energy Limited
ITDC,India Tourism Development Corporation Limited
JSL,Jindal Stainless Limited
TRITURBINE,Triveni Turbine Limited
PHILIPCARB,Phillips Carbon Black Limited
JINDALPOLY,Jindal Poly Films Limited
GSFC,Gujarat State Fertilizers & Chemicals Limited
KSCL,Kaveri Seed Company Limited
IOLCP,IOL Chemicals and Pharmaceuticals Limited
HFCL,HFCL Limited
DHANUKA,Dhanuka Agritech Limited
INOXLEISUR,INOX Leisure Limited
BORORENEW,BOROSIL RENEWABLES LIMITED
DCBBANK,DCB Bank Limited
ICRA,ICRA Limited
MTARTECH,Mtar Technologies Limited
KSB,Ksb Limited
TCNSBRANDS,TCNS Clothing Co. Limited
CCL,CCL Products (India) Limited
MASTEK,Mastek Limited

CAPLIPOINT,Caplin Point Laboratories Limited
ALLCARGO,Allcargo Logistics Limited
CHALET,Chalet Hotels Limited
CRAFTSMAN,Craftsman Automation Limited
EQUITAS,Equitas Holdings Limited
GET&D,GE T&D India Limited
MAGMA,Magma Fincorp Limited
MEGH,Meghmani Organics Limited
GREAVESCOT,Greaves Cotton Limited
JSLHISAR,Jindal Stainless (Hisar) Limited
GAEL,Gujarat Ambuja Exports Limited
LEMONTREE,Lemon Tree Hotels Limited
MAHLIFE,Mahindra Lifespace Developers Limited
NILKAMAL,Nilkamal Limited
SURYODAY,Suryoday Small Finance Bank Limited
NOCIL,NOCIL Limited
ASHOKA,Ashoka Buildcon Limited
MHRIL,Mahindra Holidays & Resorts India Limited
SAREGAMA,Saregama India Limited
TTML,Tata Teleservices (Maharashtra) Limited
ESABINDIA,Esab India Limited
UFLEX,UFLEX Limited
SHILPAMED,Shilpa Medicare Limited
ORIENTREF,Orient Refractories Limited
POLYPLEX,Polyplex Corporation Limited
JAMNAAUTO,Jamna Auto Industries Limited
JKTYRE,JK Tyre & Industries Limited
NEULANDLAB,Neuland Laboratories Limited
NFL,National Fertilizers Limited
INDOCO,Indoco Remedies Limited
ALEMBICLTD,Alembic Limited
ICIL,Indo Count Industries Limited
SHARDACROP,Sharda Cropchem Limited
TATAMETALI,Tata Metaliks Limited
BSE,BSE Limited
UJJIVAN,Ujjivan Financial Services Limited
JKPAPER,JK Paper Limited
GPIL,Godawari Power And Ispat limited
GUJALKALI,Gujarat Alkalies and Chemicals Limited
HERANBA,Heranba Industries Limited

LAOPALA,La Opala RG Limited
RUPA,Rupa & Company Limited
RAYMOND,Raymond Limited
MINDACORP,Minda Corporation Limited
HCG,Healthcare Global Enterprises Limited
ANGELBRKG,Angel Broking Limited
JINDALSAW,Jindal Saw Limited
KIRLOSENG,Kirloskar Oil Engines Limited
SHOPERSTOP,Shoppers Stop Limited
DEN,Den Networks Limited
DEEPAKFERT,Deepak Fertilizers and Petrochemicals Corporation Limited
BEPL,Bhansali Engineering Polymers Limited
FRETAIL,Future Retail Limited
PTC,PTC India Limited
HIL,HIL Limited
IFCI,IFCI Limited
RELIGARE,Religare Enterprises Limited
GREENLAM,Greenlam Industries Limited
SCHNEIDER,Schneider Electric Infrastructure Limited
EASEMYTRIP,Easy Trip Planners Limited
TATACOFFEE,Tata Coffee Limited
JPPOWER,Jaiprakash Power Ventures Limited
RAMCOIND,Ramco Industries Limited
GDL,Gateway Distriparks Limited
BALMLAWRIE,Balmer Lawrie & Company Limited
MATRIMONY,Matrimony.Com Limited
VENKEYS,Venky's (India) Limited
UNICHEMLAB,Unichem Laboratories Limited
GHCL,GHCL Limited
INGERRAND,Ingersoll Rand (India) Limited
SUVIDHAA,Suvidhaa Infoserve Limited
GRSE,Garden Reach Shipbuilders & Engineers Limited
HUHTAMAKI,Huhtamaki India Limited
REPCOHOME,Repco Home Finance Limited
MSTCLTD,Mstc Limited
VRLLOG,VRL Logistics Limited
GREENPLY,Greenply Industries Limited
JTEKTINDIA,Jtekt India Limited
MARKSANS,Marksans Pharma Limited
TRIVENI,Triveni Engineering & Industries Limited

ATFL,Agro Tech Foods Limited
SUBROS,Subros Limited
NEOGEN,Neogen Chemicals Limited
AHLUCONT,Ahluwalia Contracts (India) Limited
ORIENTCEM,Orient Cement Limited
SUBEXLTD,Subex Limited
JBMA,JBM Auto Limited
BANARISUG,Bannari Amman Sugars Limited
NEWGEN,Newgen Software Technologies Limited
BECTORFOOD,Mrs. Bectors Food Specialities Limited
TCI,Transport Corporation of India Limited
OAL,Oriental Aromatics Limited
ASTEC,Astec LifeSciences Limited
GREENPANEL,Greenpanel Industries Limited
SHIL,Somany Home Innovation Limited
NIITLTD,NIIT Limited
EVEREADY,Eveready Industries India Limited
VESUVIUS,Vesuvius India Limited
RENUKA,Shree Renuka Sugars Limited
HGINFRA,H.G. Infra Engineering Limited
GEPIL,GE Power India Limited
BOROLTD,Borosil Limited
KIRLOSBROS,Kirloskar Brothers Limited
KTKBANK,The Karnataka Bank Limited
SURYAROSNI,Surya Roshni Limited
DAAWAT,LT Foods Limited
MAYURUNIQ,Mayur Uniquoters Ltd
THOMASCOOK,Thomas Cook (India) Limited
MAHSEAMLES,Maharashtra Seamless Limited
NAVNETEDUL,Navneet Education Limited
DFMFOODS,DFM Foods Limited
J&KBANK,The Jammu & Kashmir Bank Limited
APARINDS,Apar Industries Limited
SOMANYCERA,Somany Ceramics Limited
CAMLINFINE,Camlin Fine Sciences Limited
ADFFOODS,ADF Foods Limited
OLECTRA,Olectra Greentech Limited
SHRIPISTON,Shriram Pistons & Rings Limited
HIKAL,Hikal Limited
GMDCLTD,Gujarat Mineral Development Corporation Limited

ACE,Action Construction Equipment Limited
PILANIINVS,Pilani Investment and Industries Corporation Limited
HSCL,Himadri Speciality Chemical Limited
PDSMFL,PDS Multinational Fashions Limited
KOLTEPATIL,Kolte - Patil Developers Limited
PFOCUS,Prime Focus Limited
DCAL,Dishman Carbogen Amcis Limited
ARVIND,Arvind Limited
DISHTV,Dish TV India Limited
JPASSOCIAT,Jaiprakash Associates Limited
TINPLATE,The Tinplate Company of India Limited
SAGCEM,Sagar Cements Limited
RKFORGE,Ramkrishna Forgings Limited
PSPPROJECT,PSP Projects Limited
PURVA,Puravankara Limited
AMRUTANJAN,Amrutanjan Health Care Limited
JAGRAN,Jagran Prakashan Limited
INEOSSTYRO,INEOS Styrolution India Limited
HESTERBIO,Hester Biosciences Limited
RAMCOSYS,Ramco Systems Limited
WELENT,Welspun Enterprises Limited
ANANTRAJ,Anant Raj Limited
AUTOAXLES,Automotive Axles Limited
WSTCSTPAPR,West Coast Paper Mills Limited
SWARAJENG,Swaraj Engines Limited
TVTODAY,TV Today Network Limited
SHK,S H Kelkar and Company Limited
DBCORP,D.B.Corp Limited
MAITHANALL,Maithan Alloys Limited
FMGOETZE,Federal-Mogul Goetze (India) Limited.
WABAG,VA Tech Wabag Limited
VSTTILLERS,V.S.T Tillers Tractors Limited
INOXWIND,Inox Wind Limited
DALMIASUG,Dalmia Bharat Sugar and Industries Limited
JAICORPLTD,Jai Corp Limited
SARDAEN,Sarda Energy & Minerals Limited
TIDEWATER,Tide Water Oil Company (India) Limited
LUMAXIND,Lumax Industries Limited
SOUTHBANK,The South Indian Bank Limited
CHEMCON,Chemcon Speciality Chemicals Limited

STOVEKRAFT,Stove Kraft Limited
CHENNPETRO,Chennai Petroleum Corporation Limited
GABRIEL,Gabriel India Limited
ORISSAMINE,The Orissa Minerals Development Company Limited
TEJASNET,Tejas Networks Limited
FILATEX,Filatex India Limited
JKIL,J.Kumar Infraprojects Limited
BOMDYEING,Bombay Dyeing & Mfg Company Limited
MOREPENLAB,Morepen Laboratories Limited
HMT,HMT Limited
HIMATSEIDE,Himatsingka Seide Limited
IIFLSEC,IIFL Securities Limited
KIRIINDUS,Kiri Industries Limited
NUCLEUS,Nucleus Software Exports Limited
KSL,Kalyani Steels Limited
DIAMONDYD,Prataap Snacks Limited
SOTL,Savita Oil Technologies Limited
ARVINDFASN,Arvind Fashions Limited
CAPACITE,Capacit'e Infraprojects Limited
TIMETECHNO,Time Technoplast Limited
HERITGFOOD,Heritage Foods Limited
RSYSTEMS,R Systems International Limited
TVSSRICHAK,TVS Srichakra Limited
SAFARI,Safari Industries (India) Limited
ASHIANA,Ashiana Housing Limited
GTPL,GTPL Hathway Limited
ITDCEM,ITD Cementation India Limited
SASKEN,Sasken Technologies Limited
DOLLAR,Dollar Industries Limited
APOLLOPIPE,Apollo Pipes Limited
INDIAGLYCO,India Glycols Limited
GANECOS,Ganesha Ecosphere Limited
HINDOILEXP,Hindustan Oil Exploration Company Limited
ACCELYA,Accelya Solutions India Limited
PRAKASH,Prakash Industries Limited
IGPL,IG Petrochemicals Limited
PCJEWELLER,PC Jeweller Limited
JMCPROJECT,JMC Projects (India) Limited
RTNPOWER,RattanIndia Power Limited
GATI,GATI Limited

OMAXE,Omaxe Limited
GENUSPOWER,Genus Power Infrastructures Limited
SANDHAR,Sandhar Technologies Limited
PSB,Punjab & Sind Bank
JSWISPL,JSW Ispat Special Products Limited
NBVENTURES,Nava Bharat Ventures Limited
CONFIPET,Confidence Petroleum India Limited
IMFA,Indian Metals & Ferro Alloys Limited
RPOWER,Reliance Power Limited
HCC,Hindustan Construction Company Limited
DHAMPURSUG,Dhampur Sugar Mills Limited
CARERATING,CARE Ratings Limited
3IINFOTECH,3i Infotech Limited
KIRLOSIND,Kirloskar Industries Limited
GEOJITFSL,Geojit Financial Services Limited
QUICKHEAL,Quick Heal Technologies Limited
MMFL,MM Forgings Limited
FCONSUMER,Future Consumer Limited
MTNL,Mahanagar Telephone Nigam Limited
CENTRUM,Centrum Capital Limited
MUKANDLTD,Mukand Limited
SHARDAMOTR,Sharda Motor Industries Limited
PFS,PTC India Financial Services Limited
DIGISPICE,DiGiSPICE Technologies Limited
SUNDARMHLD,Sundaram Finance Holdings Limited
GIPCL,Gujarat Industries Power Company Limited
DPSCLTD,DPSC Limited
IFGLEXPOR,IFGL Refractories Limited
SUNFLAG,Sunflag Iron And Steel Company Limited
COSMOFILMS,Cosmo Films Limited
ASTRAMICRO,Astra Microwave Products Limited
NXTDIGITAL,NXTDIGITAL LIMITED
SEAMECLTD,Seamec Limited
VOLTAMP,Voltamp Transformers Limited
LUMAXTECH,Lumax Auto Technologies Limited
BODALCHEM,Bodal Chemicals Limited
PANACEABIO,Panacea Biotec Limited
MOLDTKPAC,Mold-Tek Packaging Limited
SSWL,Steel Strips Wheels Limited
WHEELS,Wheels India Limited

SHALBY,Shalby Limited
WONDERLA,Wonderla Holidays Limited
JETAIRWAYS,Jet Airways (India) Limited
ELECTCAST,Electrosteel Castings Limited
GOCLCORP,GOCL Corporation Limited
KCP,KCP Limited
PUNJABCHEM,Punjab Chemicals & Crop Protection Limited
SADBHAV,Sadbhav Engineering Limited
KKCL,Kewal Kiran Clothing Limited
SANGHIIND,Sanghi Industries Limited
YAARII,Yaarii Digital Integrated Services Limited
VIDHIING,Vidhi Specialty Food Ingredients Limited
EXCELINDUS,Excel Industries Limited
NRBBEARING,NRB Bearing Limited
SMSPHARMA,SMS Pharmaceuticals Limited
OPTIEMUS,Optiemus Infracom Limited
DREDGECORP,Dredging Corporation of India Limited
BFINVEST,BF Investment Limited
MANINFRA,Man Infraconstruction Limited
GALLISPAT,Gallantt Ispat Limited
SESHAPAPER,Seshasayee Paper and Boards Limited
MANALIPETC,Manali Petrochemicals Limited
BLISSGVS,Bliss GVS Pharma Limited
TNPL,Tamil Nadu Newsprint & Papers Limited
USHAMART,Usha Martin Limited
INDORAMA,Indo Rama Synthetics (India) Limited
BANCOINDIA,Banco Products (I) Limited
KESORAMIND,Kesoram Industries Limited
GTLINFRA,GTL Infrastructure Limited
HSIL,HSIL Limited
BUTTERFLY,Butterfly Gandhimathi Appliances Limited
FLFL,Future Lifestyle Fashions Limited
INSECTICID,Insecticides (India) Limited
SHANTIGEAR,Shanthi Gears Limited
FAIRCHEMOR,Fairchem Organics Limited
ESTER,Ester Industries Limited
VINDHYATEL,Vindhya Telelinks Limited
HONDAPOWER,Honda India Power Products Limited
JINDWORLD,Jindal Worldwide Limited
TIIL,Technocraft Industries (India) Limited

LGBBROSLTD,LG Balakrishnan & Bros Limited
SHAKTIPUMP,Shakti Pumps (India) Limited
BLS,BLS International Services Limited
SHANKARA,Shankara Building Products Limited
PRABHAT,Prabhat Dairy Limited
APCOTEXIND,Apcotex Industries Limited
BFUTILITIE,BF Utilities Limited
HBLPOWER,HBL Power Systems Limited
RELINFRA,Reliance Infrastructure Limited
ONMOBILE,OnMobile Global Limited
OCCL,Oriental Carbon & Chemicals Limited
GLOBUSSPR,Globus Spirits Limited
JISLJALEQS,Jain Irrigation Systems Limited
ASHAPURMIN,Ashapura Minechem Limited
SUVEN,Suven Life Sciences Limited
RPSGVENT,RPSG VENTURES LIMITED
TEXINFRA,Texmaco Infrastructure & Holdings Limited
GUFICBIO,Gufic Biosciences Limited
PARAGMILK,Parag Milk Foods Limited
CIGNITITEC,Cigniti Technologies Limited
SHREDIGCEM,Shree Digvijay Cement Co.Ltd
EKC,Everest Kanto Cylinder Limited
PANAMAPET,Panama Petrochem Limited
TIRUMALCHM,Thirumalai Chemicals Limited
SIYSIL,Siyaram Silk Mills Limited
ANDHRAPAP,ANDHRA PAPER LIMITED
PNBGILTS,PNB Gilts Limited
ARSHIYA,Arshiya Limited
SIRCA,Sirca Paints India Limited
POWERMECH,Power Mech Projects Limited
CLNINDIA,Clariant Chemicals (India) Limited
IGARASHI,Igarashi Motors India Limited
TARC,Anant Raj Global Limited
MANGCHEFER,Mangalore Chemicals & Fertilizers Limited
PRICOLLTD,Pricol Limited
IMPAL,India Motor Parts and Accessories Limited
RANEHOLDIN,Rane Holdings Limited
SHAREINDIA,Share India Securities Limited
MPSLTD,MPS Limited
INDNIPPON,India Nippon Electricals Limited

INDIANHUME,Indian Hume Pipe Company Limited
MAXVIL,Max Ventures and Industries Limited
ACRYSIL,Acrysil Limited
POKARNA,Pokarna Limited
SATIA,Satia Industries Limited
RADIOCITY,Music Broadcast Limited
MARINE,Marine Electricals (India) Limited
SRIPIPES,Srikalahasthi Pipes Limited
THANGAMAYL,Thangamayil Jewellery Limited
GFLLIMITED,GFL Limited
RAJRATAN,Rajratan Global Wire Limited
PGEL,PG Electroplast Limited
ANDHRSUGAR,The Andhra Sugars Limited
VISAKAIND,Visaka Industries Limited
SMCGLOBAL,SMC Global Securities Limited
NCLIND,NCL Industries Limited
GMBREW,GM Breweries Limited
ASALCBR,Associated Alcohols & Breweries Ltd.
APTECHT,Aptech Limited
GOLDIAM,Goldiam International Limited
EMAMIPAP,Emami Paper Mills Limited
MANGLMCEM,Mangalam Cement Limited
KARDA,Karda Constructions Limited
NACLIND,NACL Industries Limited
SNOWMAN,Snowman Logistics Limited
FIEMIND,Fiem Industries Limited
GNA,GNA Axles Limited
FOSECOIND,Foseco India Limited
FCL,Fineotex Chemical Limited
XCHANGING,Xchanging Solutions Limited
TEXRAIL,Texmaco Rail & Engineering Limited
EIHAHOTELS,EIH Associated Hotels Limited
ELECON,Elecon Engineering Company Limited
KINGFA,Kingfa Science & Technology (India) Limited
AARTISURF,Aarti Surfactants Limited
RTNINFRA,RattanIndia Infrastructure Limited
STERTOOLS,Sterling Tools Limited
BAJAJHIND,Bajaj Hindusthan Sugar Limited
TTKHLTCARE,TTK Healthcare Limited
KELLTONTEC,Kellton Tech Solutions Limited

ENIL,Entertainment Network (India) Limited
SADBHIN,Sadbhav Infrastructure Project Limited
BHAGERIA,Bhageria Industries Limited
KICL,Kalyani Investment Company Limited
AVTNPL,AVT Natural Products Limited
TAJGVK,Taj GVK Hotels & Resorts Limited
AWHCL,Antony Waste Handling Cell Limited
DCW,DCW Limited
DATAMATICS,Datamatics Global Services Limited
JAYNECOIND,Jayaswal Neco Industries Limited
TAKE,Take Solutions Limited
KITEX,Kitex Garments Limited
SMLISUZU,SML Isuzu Limited
APEX,Apex Frozen Foods Limited
VADILALIND,Vadilal Industries Limited
SUTLEJTEX,Sutlej Textiles and Industries Limited
RPGLIFE,RPG Life Sciences Limited
5PAISA,5Paisa Capital Limited
SPENCERS,Spencer's Retail Limited
BBL,Bharat Bijlee Limited
WENDT,Wendt (India) Limited
LIKHITHA,Likhitha Infrastructure Limited
CEREBRAINT,Cerebra Integrated Technologies Limited
GICHSGFIN,GIC Housing Finance Limited
SKIPPER,Skipper Limited
GRAVITA,Gravita India Limited
RBL,Rane Brake Lining Limited
CANTABIL,Cantabil Retail India Limited
ZENTEC,Zen Technologies Limited
TIPSINDLTD,TIPS Industries Limited
MUTHOOTCAP,Muthoot Capital Services Limited
NURECA,Nureca Limited
DYNAMATECH,Dynamatic Technologies Limited
PLASTIBLEN,Plastiblends India Limited
SPIC,Southern Petrochemicals Industries Corporation Limited
UNIENTER,Uniphos Enterprises Limited
DYNPRO,Dynemic Products Limited
ALICON,Alicon Castalloy Limited
KUANTUM,Kuantum Papers Limited
DBREALTY,D B Realty Limited

SUMMITSEC,Summit Securities Limited
ANUP,The Anup Engineering Limited
DECCANCE,Deccan Cements Limited
DWARKESH,Dwarikesh Sugar Industries Limited
BALAJITELE,Balaji Telefilms Limited
HARITASEAT,Harita Seating Systems Limited
NATHBIOGEN,Nath Bio-Genes (India) Limited
KABRAEXTRU,Kabra Extrusion Technik Limited
VSSL,Vardhman Special Steels Limited
VHL,Vardhman Holdings Limited
NELCAST,Nelcast Limited
MUNJALSHOW,Munjal Showa Limited
RGL,Renaissance Global Limited
CENTENKA,Century Enka Limited
KOKUYOCMLN,Kokuyo Camlin Limited
RIIL,Reliance Industrial Infrastructure Limited
MIRZAINT,Mirza International Limited
PATELENG,Patel Engineering Limited
NSIL,Nalwa Sons Investments Limited
EXPLEOSOL,Expleo Solutions Limited
MUNJALAU,Munjal Auto Industries Limited
RAMKY,Ramky Infrastructure Limited
APCL,Anjani Portland Cement Limited
UNIDT,United Drilling Tools Limited
TWL,Titagarh Wagons Limited
GAYAPROJ,Gayatri Projects Limited
EBIXFOREX,EBIXCASH WORLD MONEY INDIA LIMITED
SHALPAINTS,Shalimar Paints Limited
BALAXI,BALAXI PHARMACEUTICALS LIMITED
ORIENTPPR,Orient Paper & Industries Limited
ARMANFIN,Arman Financial Services Limited
RML,Rane (Madras) Limited
AMBIKCO,Ambika Cotton Mills Limited
SALASAR,Salasar Techno Engineering Limited
TFCILTD,Tourism Finance Corporation of India Limited
JAYBARMARU,Jay Bharat Maruti Limited
INDRAMEDCO,Indraprastha Medical Corporation Limited
DHFL,Dewan Housing Finance Corporation Limited
SANDESH,The Sandesh Limited
CENTUM,Centum Electronics Limited

SUULD,Suumaya Industries Limited
HTMEDIA,HT Media Limited
ALLSEC,Allsec Technologies Limited
NBIFIN,N. B. I. Industrial Finance Company Limited
RICOAUTO,Rico Auto Industries Limited
STEELXIND,STEEL EXCHANGE INDIA LIMITED
THEINVEST,The Investment Trust Of India Limited
RCOM,Reliance Communications Limited
MONTECARLO,Monte Carlo Fashions Limited
NAVKARCORP,Navkar Corporation Limited
BINDALAGRO,Oswal Chemicals & Fertilizers Limited
TDPOWERSYS,TD Power Systems Limited
MANINDS,Man Industries (India) Limited
KOPRAN,Kopran Limited
NITINSPIN,Nitin Spinners Limited
LINCOLN,Lincoln Pharmaceuticals Limited
EVERESTIND,Everest Industries Limited
PRECWIRE,Precision Wires India Limited
SATIN,Satin Creditcare Network Limited
STCINDIA,The State Trading Corporation of India Limited
ASIANTILES,Asian Granito India Limited
VISHWARAJ,Vishwaraj Sugar Industries Limited
HMVL,Hindustan Media Ventures Limited
RSWM,RSWM Limited
TNPETRO,Tamilnadu PetroProducts Limited
UNIVCABLES,Universal Cables Limited
SANGHVIMOV,Sanghvi Movers Limited
SORILINFRA,SORIL Infra Resources Limited
HITECH,Hi-Tech Pipes Limited
GULPOLY,Gulshan Polyols Limited
UNITECH,Unitech Limited
NELCO,NELCO Limited
V2RETAIL,V2 Retail Limited
INDSWFTLAB,Ind-Swift Laboratories Limited
REPRO,Repro India Limited
SHREEPUSHK,Shree Pushkar Chemicals & Fertilisers Limited
BCG,Brightcom Group Limited
AJMERA,Ajmera Realty & Infra India Limited
NECLIFE,Nectar Lifesciences Limited
BLKASHYAP,B. L. Kashyap and Sons Limited

RUSHIL,Rushil Decor Limited
TBZ,Tribhovandas Bhimji Zaveri Limited
THEJO,Thejo Engineering Limited
HEXATRADEX,Hexa Tradex Limited
JAYAGROGN,Jayant Agro Organics Limited
ADORWELD,Ador Welding Limited
PILITA,PIL ITALICA LIFESTYLE LIMITED
MADRASFERT,Madras Fertilizers Limited
ORIENTHOT,Oriental Hotels Limited
TCPLPACK,TCPL Packaging Limited
SRHHYPOLTD,Sree Rayalaseema Hi-Strength Hypo Limited
JAIBALAJI,Jai Balaji Industries Limited
NRAIL,N R Agarwal Industries Limited
KANORICHEM,Kanoria Chemicals & Industries Limited
MAHEPC,Mahindra EPC Irrigation Limited
CONTROLPR,Control Print Limited
SPAL,S. P. Apparels Limited
ATULAUTO,Atul Auto Limited
HINDCOMPOS,Hindustan Composites Limited
SHRIRAMEPC,Shriram EPC Limited
KAYA,Kaya Limited
ROSSELLIND,Rossell India Limited
ZUARI,Zuari Agro Chemicals Limited
ASAHISONG,Asahi Songwon Colors Limited
IFBAGRO,IFB Agro Industries Limited
SAKSOFT,Saksoft Limited
PRECAM,Precision Camshafts Limited
NAGAFERT,Nagarjuna Fertilizers and Chemicals Limited
NAHARSPING,Nahar Spinning Mills Limited
KAMDHENU,Kamdhenu Limited
DHANBANK,Dhanlaxmi Bank Limited
DLINKINDIA,D-Link (India) Limited
PARSVNATH,Parsvnath Developers Limited
SCHAND,S Chand And Company Limited
PGIL,Pearl Global Industries Limited
AVADHSUGAR,Avadh Sugar & Energy Limited
SASTASUNDR,Sastasundar Ventures Limited
TI,Tilaknagar Industries Limited
NDTV,New Delhi Television Limited
HLVLTD,HLV LIMITED

FEL,Future Enterprises Limited
DICIND,DIC India Limited
JASH,Jash Engineering Limited
VIMTALABS,Vimta Labs Limited
HERCULES,Hercules Hoists Limited
XELPMOC,Xelpmoc Design And Tech Limited
AKASH,Akash Infra-Projects Limited
GALLANTT,Gallantt Metal Limited
VIPULLTD,Vipul Limited
REPL,Rudrabhishek Enterprises Limited
SREEL,Sreeleathers Limited
GANDHITUBE,Gandhi Special Tubes Limited
INFOBEAN,InfoBeans Technologies Limited
UTTAMSUGAR,Uttam Sugar Mills Limited
DVL,Dhunseri Ventures Limited
MAXIND,Max India Limited
ARVSMART,Arvind SmartSpaces Limited
ZOTA,Zota Health Care LImited
VENUSREM,Venus Remedies Limited
VISHNU,Vishnu Chemicals Limited
ZEELEARN,Zee Learn Limited
GOKEX,Gokaldas Exports Limited
KDDL,KDDL Limited
CYBERTECH,Cybertech Systems And Software Limited
URJA,Urja Global Limited
MANAKSIA,Manaksia Limited
VASCONEQ,Vascon Engineers Limited
BAFNAPH,Bafna Pharmaceuticals Limited
BIRLATYRE,Birla Tyres Limited
VERTOZ,Vertoz Advertising Limited
GENESYS,Genesys International Corporation Limited
HITECHGEAR,The Hi-Tech Gears Limited
SANGAMIND,Sangam (India) Limited
63MOONS,63 moons technologies limited
VLSFINANCE,VLS Finance Limited
BGRENERGY,BGR Energy Systems Limited
AURIONPRO,Aurionpro Solutions Limited
HPL,HPL Electric & Power Limited
UCALFUEL,Ucal Fuel Systems Limited
MIRCELECTR,MIRC Electronics Limited

SWELECTES,Swelect Energy Systems Limited
PPL,Prakash Pipes Limited
ASHIMASYN,Ashima Limited
ZEEMEDIA,Zee Media Corporation Limited
MENONBE,Menon Bearings Limited
GKWLIMITED,GKW Limited
VARDHACRLC,Vardhman Acrylics Limited
ORIENTBELL,Orient Bell Limited
GSCLCEMENT,Gujarat Sidhee Cement Limited
HCL-INSYS,HCL Infosystems Limited
ARTEMISMED,Artemis Medicare Services Limited
MEP,MEP Infrastructure Developers Limited
HINDNATGLS,Hindusthan National Glass & Industries Limited
MARATHON,Marathon Nextgen Realty Limited
MSPL,MSP Steel & Power Limited
ORICONENT,Oricon Enterprises Limited
JUBLINDS,Jubilant Industries Limited
CUPID,Cupid Limited
FSC,Future Supply Chain Solutions Limited
PPAP,PPAP Automotive Limited
RUBYMILLS,The Ruby Mills Limited
GANESHHOUC,Ganesh Housing Corporation Limited
NAHARPOLY,Nahar Poly Films Limited
RELCAPITAL,Reliance Capital Limited
GOKULAGRO,Gokul Agro Resources Limited
NIPPOBATRY,Indo-National Limited
KHADIM,Khadim India Limited
ADVANIHOTR,Advani Hotels & Resorts (India) Limited
AHLWEST,Asian Hotels (West) Limited
DPABHUSHAN,D. P. Abhushan Limited
JINDRILL,Jindal Drilling And Industries Limited
BCLIND,Bcl Industries Limited
THEMISMED,Themis Medicare Limited
GUJAPOLLO,Gujarat Apollo Industries Limited
HARRMALAYA,Harrisons Malayalam Limited
PTL,PTL Enterprises Limited
CHEMBOND,Chembond Chemicals Ltd
PROZONINTU,Prozone Intu Properties Limited
SREINFRA,SREI Infrastructure Finance Limited
GOACARBON,Goa Carbon Limited

TALBROAUTO,Talbros Automotive Components Limited
ORIENTABRA,Orient Abrasives Limited
INVENTURE,Inventure Growth & Securities Limited
RAMANEWS,Shree Rama Newsprint Limited
MCL,Madhav Copper Limited
LASA,Lasa Supergenerics Limited
CREST,Crest Ventures Limited
BRNL,Bharat Road Network Limited
EROSMEDIA,Eros International Media Limited
MODIRUBBER,Modi Rubber Limited
WALCHANNAG,Walchandnagar Industries Limited
TVSELECT,TVS Electronics Limited
CAREERP,Career Point Limited
ZUARIGLOB,Zuari Global Limited
SECURKLOUD,SECUREKLOUD TECHNOLOGIES LIMITED
KRISHANA,Krishana Phoschem Limited
AYMSYNTEX,AYM Syntex Limited
PENIND,Pennar Industries Limited
BIRLAMONEY,Aditya Birla Money Limited
PDMJEPAPER,Pudumjee Paper Products Limited
KOTARISUG,Kothari Sugars And Chemicals Limited
ALANKIT,Alankit Limited
PENINLAND,Peninsula Land Limited
GIRRESORTS,GIR Natureview Resorts Limited
HDIL,Housing Development and Infrastructure Limited
LINCPEN,Linc Pen & Plastics Limited
JPINFRATEC,Jaypee Infratech Limited
VETO,Veto Switchgears And Cables Limited
MAHESHWARI,Maheshwari Logistics Limited
ADSL,Allied Digital Services Limited
RNAVAL,Reliance Naval and Engineering Limited
TRIL,Transformers And Rectifiers (India) Limited
OMINFRAL,OM INFRA LIMITED
LIBERTSHOE,Liberty Shoes Limited
MMP,MMP Industries Limited
MBAPL,Madhya Bharat Agro Products Limited
ALBERTDAVD,Albert David Limited
BRFL,Bombay Rayon Fashions Limited
VINYLINDIA,Vinyl Chemicals (India) Limited
PITTIENG,Pitti Engineering Limited

KHAICHEM,Khaitan Chemicals & Fertilizers Limited
HITECHCORP,Hitech Corporation Limited
GEECEE,GeeCee Ventures Limited
SDBL,Som Distilleries & Breweries Limited
SPTL,Sintex Plastics Technology Limited
JAGSNPHARM,Jagsonpal Pharmaceuticals Limited
ZODIACLOTH,Zodiac Clothing Company Limited
MBLINFRA,MBL Infrastructures Limited
BIL,Bhartiya International Limited
KANPRPLA,Kanpur Plastipack Limited
SILINV,SIL Investments Limited
WANBURY,Wanbury Limited
SINTERCOM,Sintercom India Limited
SELAN,Selan Exploration Technology Limited
SARLAPOLY,Sarla Performance Fibers Limited
SINTEX,Sintex Industries Limited
PODDARMENT,Poddar Pigments Limited
MCLEODRUSS,Mcleod Russel India Limited
WINDMACHIN,Windsor Machines Limited
UFO,UFO Moviez India Limited
HIRECT,Hind Rectifiers Limited
REFEX,Refex Industries Limited
SALZERELEC,Salzer Electronics Limited
VIKASMCORP,Vikas Multicorp Limited
UGARSUGAR,The Ugar Sugar Works Limited
AIRAN,Airan Limited
EIMCOELECO,Eimco Elecon (India) Limited
BASML,Bannari Amman Spinning Mills Limited
EIFFL,Euro India Fresh Foods Limited
JAYSREETEA,Jayshree Tea & Industries Limited
ASTRON,Astron Paper & Board Mill Limited
TRIGYN,Trigyn Technologies Limited
AKSHARCHEM,AksharChem India Limited
APOLLO,Apollo Micro Systems Limited
KOTHARIPRO,Kothari Products Limited
MAJESCO,Majesco Limited
STARPAPER,Star Paper Mills Limited
SETCO,Setco Automotive Limited
ONWARDTEC,Onward Technologies Limited
GENCON,Generic Engineering Construction and Projects Limited

CONSOFINVT,Consolidated Finvest & Holdings Limited
GULFPETRO,GP Petroleums Limited
SHIVATEX,Shiva Texyarn Limited
GENUSPAPER,Genus Paper & Boards Limited
AHLEAST,Asian Hotels (East) Limited
BIRLACABLE,Birla Cable Limited
MAZDA,Mazda Limited
DTIL,Dhunseri Tea & Industries Limited
SHIVAMAUTO,Shivam Autotech Limited
GOKUL,Gokul Refoils and Solvent Limited
SPECIALITY,Speciality Restaurants Limited
CHEMFAB,Chemfab Alkalis Limited
INSPIRISYS,Inspirisys Solutions Limited
SHEMAROO,Shemaroo Entertainment Limited
SAKAR,Sakar Healthcare Limited
RANEENGINE,Rane Engine Valve Limited
NAHARINDUS,Nahar Industrial Enterprises Limited
NAHARCAP,Nahar Capital and Financial Services Limited
SIMPLEXINF,Simplex Infrastructures Limited
UNIVPHOTO,Universus Photo Imagings Limited
ROHLTD,Royal Orchid Hotels Limited
ABAN,Aban Offshore Limited
BANSWRAS,Banswara Syntex Limited
NILAINFRA,Nila Infrastructures Limited
KREBSBIO,Krebs Biochemicals and Industries Limited
KCPSUGIND,KCP Sugar and Industries Corporation Limited
RAJTV,Raj Television Network Limited
NIRAJ,Niraj Cement Structurals Limited
PREMEXPLN,Premier Explosives Limited
AGARIND,Agarwal Industrial Corporation Limited
DHUNINV,Dhunseri Investments Limited
BBTCL,B&B Triplewall Containers Limited
ESSARSHPNG,Essar Shipping Limited
EMKAY,Emkay Global Financial Services Limited
DCMNVL,DCM Nouvelle Limited
MANGALAM,Mangalam Drugs And Organics Limited
ANDHRACEMT,Andhra Cements Limited
ISMTLTD,ISMT Limited
GREENPOWER,Orient Green Power Company Limited
ORBTEXP,Orbit Exports Limited

BIGBLOC,Bigbloc Construction Limited
SHREYAS,Shreyas Shipping & Logistics Limited
MANAKSTEEL,Manaksia Steels Limited
DONEAR,Donear Industries Limited
CAPTRUST,Capital Trust Limited
BHARATWIRE,Bharat Wire Ropes Limited
KOTHARIPET,Kothari Petrochemicals Limited
3RDROCK,3rd Rock Multimedia Limited
GOODLUCK,Goodluck India Limited
TIL,TIL Limited
WELINV,Welspun Investments and Commercials Limited
BROOKS,Brooks Laboratories Limited
STEL,Stel Holdings Limited
NDL,Nandan Denim Limited
PARACABLES,Paramount Communications Limited
RUCHIRA,Ruchira Papers Limited
AXISCADES,AXISCADES Technologies Limited
ASPINWALL,Aspinwall and Company Limited
SOUTHWEST,South West Pinnacle Exploration Limited
UNITEDTEA,The United Nilgiri Tea Estates Company Limited
SMSLIFE,SMS Lifesciences India Limited
EMMBI,Emmbi Industries Limited
RANASUG,Rana Sugars Limited
APOLSINHOT,Apollo Sindoori Hotels Limited
BSHSL,Bombay Super Hybrid Seeds Limited
ARIHANTSUP,Arihant Superstructures Limited
IRISDOREME,Iris Clothings Limited
DPWIRES,D P Wires Limited
REVATHI,Revathi Equipment Limited
RKEC,RKEC Projects Limited
PIONDIST,Pioneer Distilleries Limited
MAGADSUGAR,Magadh Sugar & Energy Limited
ELECTHERM,Electrotherm (India) Limited
SHREYANIND,Shreyans Industries Limited
MAWANASUG,Mawana Sugars Limited
BHAGYANGR,Bhagyanagar India Limited
HINDMOTORS,Hindustan Motors Limited
NITCO,Nitco Limited
SUNDRMBRAK,Sundaram Brake Linings Limited
GINNIFILA,Ginni Filaments Limited

VIDEOIND,Videocon Industries Limited
OSWALAGRO,Oswal Agro Mills Limited
CEBBCO,Commercial Engineers & Body Builders Co Limited
BALLARPUR,Ballarpur Industries Limited
SUPERHOUSE,Superhouse Limited
MBECL,Mcnally Bharat Engineering Company Limited
WEALTH,Wealth First Portfolio Managers Limited
MARALOVER,Maral Overseas Limited
VIVIMEDLAB,Vivimed Labs Limited
EMKAYTOOLS,Emkay Taps and Cutting Tools Limited
DENORA,De Nora India Limited
ROML,Raj Oil Mills Limited
ELGIRUBCO,Elgi Rubber Company Limited
DANGEE,Dangee Dums Limited
WEBELSOLAR,Websol Energy System Limited
AAKASH,Aakash Exploration Services Limited
KAKATCEM,Kakatiya Cement Sugar & Industries Limited
UMANGDAIRY,Umang Dairies Limited
PRECOT,Precot Limited
CLEDUCATE,CL Educate Limited
RPPINFRA,R.P.P. Infra Projects Limited
JHS,JHS Svendgaard Laboratories Limited
JOCIL,Jocil Limited
PONNIERODE,Ponni Sugars (Erode) Limited
SIL,Standard Industries Limited
IITL,Industrial Investment Trust Limited
AUTOIND,Autoline Industries Limited
KILITCH,Kilitch Drugs (India) Limited
INDTERRAIN,Indian Terrain Fashions Limited
20MICRONS,20 Microns Limited
JMTAUTOLTD,JMT Auto Limited
SKMEGGPROD,SKM Egg Products Export (India) Limited
SEYAIND,Seya Industries Limited
MAHASTEEL,Mahamaya Steel Industries Limited
PASHUPATI,Pashupati Cotspin Limited
LOVABLE,Lovable Lingerie Limited
JBFIND,JBF Industries Limited
CREATIVE,Creative Peripherals and Distribution Limited
RUCHINFRA,Ruchi Infrastructure Limited
COMPINFO,Compuage Infocom Limited

TPLPLASTEH,TPL Plastech Limited
PENTAGOLD,Penta Gold Limited
IVC,IL&FS Investment Managers Limited
PODDARHOUS,Poddar Housing and Development Limited
AHLADA,Ahlada Engineers Limited
RAMASTEEL,Rama Steel Tubes Limited
TOUCHWOOD,Touchwood Entertainment Limited
RHFL,Reliance Home Finance Limited
VIPCLOTHNG,VIP Clothing Limited
ASIANHOTNR,Asian Hotels (North) Limited
SHYAMCENT,Shyam Century Ferrous Limited
BETA,Beta Drugs Limited
MGEL,Mangalam Global Enterprise Limited
MOLDTECH,Mold-Tek Technologies Limited
TCIDEVELOP,TCI Developers Limited
SHRENIK,Shrenik Limited
DRCSYSTEMS,DRC Systems India Limited
ALPHAGEO,Alphageo (India) Limited
SAKUMA,Sakuma Exports Limited
SAKHTISUG,Sakthi Sugars Limited
NOIDATOLL,Noida Toll Bridge Company Limited
NDRAUTO,Ndr Auto Components Limited
SMARTLINK,Smartlink Holdings Limited
HUBTOWN,Hubtown Limited
BPL,BPL Limited
FCSSOFT,FCS Software Solutions Limited
EMAMIREAL,Emami Realty Limited
DRSDILIP,DRS Dilip Roadlines Limited
PRIMESECU,Prime Securities Limited
UTTAMSTL,Uttam Galva Steels Limited
RAJMET,Rajnandini Metal Limited
DEEPENR,DEEP ENERGY RESOURCES LIMITED
SILVERTUC,Silver Touch Technologies Limited
KMSUGAR,K.M.Sugar Mills Limited
BIOFILCHEM,Biofil Chemicals & Pharmaceuticals Limited
MINDTECK,Mindteck (India) Limited
GRPLTD,GRP Limited
GPTINFRA,GPT Infraprojects Limited
DUCON,Ducon Infratechnologies Limited
PIONEEREMB,Pioneer Embroideries Limited

ICEMAKE,Ice Make Refrigeration Limited
MAANALU,Maan Aluminium Limited
KSOLVES,Ksolves India Limited
LSIL,Lloyds Steels Industries Limited
PRAXIS,Praxis Home Retail Limited
INNOVANA,Innovana Thinklabs Limited
PAVNAIND,Pavna Industries Limited
MURUDCERA,Murudeshwar Ceramics Limited
ARIES,Aries Agro Limited
IVP,IVP Limited
KAPSTON,Kapston Facilities Management Limited
ISFT,Intrasoft Technologies Limited
SOFTTECH,Softtech Engineers Limited
TEMBO,Tembo Global Industries Limited
TTL,T T Limited
RVHL,Ravinder Heights Limited
SPLIL,SPL Industries Limited
MOTOGENFIN,The Motor & General Finance Limited
ARROWGREEN,Arrow Greentech Limited
TRF,TRF Limited
GROBTEA,The Grob Tea Company Limited
MAHAPEXLTD,Maha Rashtra Apex Corporation Limited
ANSALAPI,Ansal Properties & Infrastructure Limited
PALREDTEC,Palred Technologies Limited
BHAGYAPROP,Bhagyanagar Properties Limited
RPPL,Rajshree Polypack Limited
INDOTECH,Indo Tech Transformers Limited
MACPOWER,Macpower CNC Machines Limited
PANSARI,Pansari Developers Limited
AMJLAND,Amj Land Holdings Limited
LGBFORGE,LGB Forge Limited
ADHUNIKIND,Adhunik Industries Limited
GSS,GSS Infotech Limited
SIGIND,Signet Industries Limited
CINELINE,Cineline India Limited
GILLANDERS,Gillanders Arbuthnot & Company Limited
OPTOCIRCUI,Opto Circuits (India) Limited
AKSHOPTFBR,Aksh Optifibre Limited
CORALFINAC,Coral India Finance & Housing Limited
OMAXAUTO,Omax Autos Limited

XPROINDIA,Xpro India Limited
SPECTRUM,Spectrum Electrical Industries Limited
LOTUSEYE,Lotus Eye Hospital and Institute Limited
JINDALPHOT,Jindal Photo Limited
OSIAHYPER,Osia Hyper Retail Limited
KERNEX,Kernex Microsystems (India) Limited
GTL,GTL Limited
KECL,Kirloskar Electric Company Limited
REMSONSIND,Remsons Industries Limited
GEEKAYWIRE,Geekay Wires Limited
URAVI,Uravi T and Wedge Lamps Limited
SVLL,Shree Vasu Logistics Limited
INDIANCARD,Indian Card Clothing Company Limited
ORIENTLTD,Orient Press Limited
MANAKCOAT,Manaksia Coated Metals & Industries Limited
ALMONDZ,Almondz Global Securities Limited
AARVI,Aarvi Encon Limited
INDOSOLAR,Indosolar Limited
PAR,Par Drugs and Chemicals Limited
BALPHARMA,Bal Pharma Limited
WORTH,Worth Peripherals Limited
ALPA,Alpa Laboratories Limited
ACCURACY,Accuracy Shipping Limited
WEIZMANIND,Weizmann Limited
VISASTEEL,Visa Steel Limited
HOVS,HOV Services Limited
LYKALABS,Lyka Labs Limited
SHIVAUM,Shiv Aum Steels Limited
PREMIERPOL,Premier Polyfilm Limited
SITINET,Siti Networks Limited
NDGL,Naga Dhunseri Group Limited
BYKE,The Byke Hospitality Ltd
JMA,Jullundur Motor Agency (Delhi) Limited
TEXMOPIPES,Texmo Pipes and Products Limited
KALYANIFRG,Kalyani Forge Limited
INTENTECH,Intense Technologies Limited
AKG,Akg Exim Limited
GOLDENTOBC,Golden Tobacco Limited
COMPUSOFT,Compucom Software Limited
KAMATHOTEL,Kamat Hotels (I) Limited

IL&FSTRANS,IL&FS Transportation Networks Limited
LCCINFOTEC,LCC Infotech Limited
PANACHE,Panache Digilife Limited
FMNL,Future Market Networks Limited
DSSL,Dynacons Systems & Solutions Limited
ABMINTLTD,ABM International Limited
PKTEA,The Peria Karamalai Tea & Produce Company Limited
BHARATGEAR,Bharat Gears Limited
SUPREMEENG,Supreme Engineering Limited
IZMO,IZMO Limited
CCHHL,Country Club Hospitality & Holidays Limited
TOKYOPLAST,Tokyo Plast International Limited
A2ZINFRA,A2Z Infra Engineering Limited
GAMMNINFRA,Gammon Infrastructure Projects Limited
MAHICKRA,Mahickra Chemicals Limited
KRITIKA,Kritika Wires Limited
ARCHIDPLY,Archidply Industries Limited
MUKTAARTS,Mukta Arts Limited
CMICABLES,CMI Limited
LIBAS,Libas Consumer Products Limited
VIKASECO,Vikas EcoTech Limited
AROGRANITE,Aro Granite Industries Limited
AUSOMENT,Ausom Enterprise Limited
TOTAL,Total Transport Systems Limited
DEVIT,Dev Information Technology Limited
RSSOFTWARE,R. S. Software (India) Limited
BANKA,Banka BioLoo Limited
SONAMCLOCK,Sonam Clock Limited
ARVEE,Arvee Laboratories (India) Limited
HISARMETAL,Hisar Metal Industries Limited
SICAL,Sical Logistics Limited
SRPL,Shree Ram Proteins Limited
PNC,Pritish Nandy Communications Limited
SHREERAMA,Shree Rama Multi-Tech Limited
GANGESSECU,Ganges Securities Limited
GOENKA,Goenka Diamond and Jewels Limited
BDR,BDR Buildcon Limited
SILGO,Silgo Retail Limited
TARMAT,Tarmat Limited
MCDHOLDING,McDowell Holdings Limited

JAKHARIA,JAKHARIA FABRIC LIMITED
AARON,Aaron Industries Limited
SICAGEN,Sicagen India Limited
PARIN,Parin Furniture Limited
SUNDARAM,Sundaram Multi Pap Limited
MANAKALUCO,Manaksia Aluminium Company Limited
ROLLT,Rollatainers Limited
E2E,E2E Networks Limited
LOKESHMACH,Lokesh Machines Limited
INDBANK,Indbank Merchant Banking Services Limited
DAMODARIND,Damodar Industries Limited
SURANAT&P,Surana Telecom and Power Limited
INDOTHAI,Indo Thai Securities Limited
IMAGICAA,Imagicaaworld Entertainment Limited
SAGARDEEP,Sagardeep Alloys Limited
SKIL,SKIL Infrastructure Limited
MITCON,MITCON Consultancy & Engineering Services Limited
WFL,Wonder Fibromats Limited
AVG,AVG Logistics Limited
SARVESHWAR,Sarveshwar Foods Limited
PRAENG,Prajay Engineers Syndicate Limited
GLOBALVECT,Global Vectra Helicorp Limited
ROLTA,Rolta India Limited
ATLANTA,Atlanta Limited
JYOTISTRUC,Jyoti Structures Limited
MOKSH,Moksh Ornaments Limited
TAINWALCHM,Tainwala Chemical and Plastic (I) Limited
NILASPACES,Nila Spaces Limited
STEELCITY,Steel City Securities Limited
ASAL,Automotive Stampings and Assemblies Limited
GODHA,Godha Cabcon & Insulation Limited
MORARJEE,Morarjee Textiles Limited
CORDSCABLE,Cords Cable Industries Limited
WIPL,The Western India Plywoods Limited
ALKALI,Alkali Metals Limited
LAMBODHARA,Lambodhara Textiles Limited
PRESSMN,Pressman Advertising Limited
PUNJLLOYD,Punj Lloyd Limited
CTE,Cambridge Technology Enterprises Limited
FLEXITUFF,Flexituff Ventures International Limited

RAJSREESUG,Rajshree Sugars & Chemicals Limited
GLOBE,Globe Textiles (India) Limited
BEDMUTHA,Bedmutha Industries Limited
SALONA,Salona Cotspin Limited
SURYALAXMI,Suryalakshmi Cotton Mills Limited
UJAAS,Ujaas Energy Limited
NITIRAJ,Nitiraj Engineers Limited
HPIL,Hindprakash Industries Limited
SUMEETINDS,Sumeet Industries Limited
PALASHSECU,Palash Securities Limited
TERASOFT,Tera Software Limited
OSWALSEEDS,ShreeOswal Seeds And Chemicals Limited
MRO-TEK,MRO-TEK Realty Limited
MRO,M.R. Organisation Limited
MTEDUCARE,MT Educare Limited
NIBL,NRB Industrial Bearings Limited
GANGAFORGE,Ganga Forging Limited
DCM,DCM Limited
TARACHAND,Tara Chand Logistic Solutions Limited
SURANASOL,Surana Solar Limited
MALUPAPER,Malu Paper Mills Limited
MHHL,Mohini Health & Hygiene Limited
SHRADHA,Shradha Infraprojects Limited
UNIVASTU,Univastu India Limited
ARSSINFRA,ARSS Infrastructure Projects Limited
MADHAV,Madhav Marbles and Granites Limited
MEGASOFT,Megasoft Limited
TIRUPATI,Shree Tirupati Balajee FIBC Limited
ENERGYDEV,Energy Development Company Limited
DGCONTENT,Digicontent Limited
CNOVAPETRO,CIL Nova Petrochemicals Limited
AARVEEDEN,Aarvee Denims & Exports Limited
PATINTLOG,Patel Integrated Logistics Limited
KANANIIND,Kanani Industries Limited
BAGFILMS,B.A.G Films and Media Limited
AIROLAM,Airo Lam limited
SANWARIA,Sanwaria Consumer Limited
NECCLTD,North Eastern Carrying Corporation Limited
ANIKINDS,Anik Industries Limited
ARTNIRMAN,Art Nirman Limited

BVCL,Barak Valley Cements Limited
SHAIVAL,Shaival Reality Limited
VARDMNPOLY,Vardhman Polytex Limited
SAMBHAAV,Sambhaav Media Limited
IL&FSENGG,IL&FS Engineering and Construction Company Limited
ZENITHEXPO,Zenith Exports Limited
KEYFINSERV,Keynote Financial Services Limited
MDL,Marvel Decor Limited
KHFM,Khfm Hospitality And Facility Management Services Limited
SERVOTECH,Servotech Power Systems Limited
GLOBAL,Global Education Limited
MADHUCON,Madhucon Projects Limited
SHIVAMILLS,Shiva Mills Limited
BANG,Bang Overseas Limited
AAATECH,Aaa Technologies Limited
SOMICONVEY,Somi Conveyor Beltings Limited
SPMLINFRA,SPML Infra Limited
MANUGRAPH,Manugraph India Limited
KRIDHANINF,Kridhan Infra Limited
TREJHARA,TREJHARA SOLUTIONS LIMITED
VAISHALI,Vaishali Pharma Limited
DELTAMAGNT,Delta Manufacturing Limited
CINEVISTA,Cinevista Limited
ARCHIES,Archies Limited
ASCOM,Ascom Leasing & Investments Limited
CENTEXT,Century Extrusions Limited
LGHL,Laxmi Goldorna House Limited
BSL,BSL Limited
INDOWIND,Indowind Energy Limited
BLBLIMITED,BLB Limited
AMDIND,AMD Industries Limited
SANGINITA,Sanginita Chemicals Limited
MKPL,M K Proteins Limited
AISL,ANI Integrated Services Limited
BANARBEADS,Banaras Beads Limited
BHANDARI,Bhandari Hosiery Exports Limited
ONEPOINT,One Point One Solutions Limited
VINNY,Vinny Overseas Limited
BCONCEPTS,Brand Concepts Limited
ANSALHSG,Ansal Housing Limited

TREEHOUSE,Tree House Education & Accessories Limited
AJOONI,Ajooni Biotech Limited
GAL,Gyscoal Alloys Limited
DBSTOCKBRO,DB (International) Stock Brokers Limited
VASWANI,Vaswani Industries Limited
LATTEYS,Latteys Industries Limited
EDUCOMP,Educomp Solutions Limited
SIMBHALS,Simbhaoli Sugars Limited
SUMIT,Sumit Woods Limited
UNITEDPOLY,United Polyfab Gujarat Limited
TIRUPATIFL,Tirupati Forge Limited
GIRIRAJ,Giriraj Civil Developers Limited
SANGHVIFOR,Sanghvi Forging and Engineering Limited
DCI,DC Infotech and Communication Limited
SIKKO,Sikko Industries Limited
PIGL,Power & Instrumentation (Gujarat) Limited
AURDIS,Aurangabad Distillery Limited
BEARDSELL,Beardsell Limited
TMRVL,The Mandhana Retail Ventures Limited
CELEBRITY,Celebrity Fashions Limited
VCL,Vaxtex Cotfab Limited
SALSTEEL,S.A.L. Steel Limited
UCL,Ushanti Colour Chem Limited
LPDC,Landmark Property Development Company Limited
SHANTI,Shanti Overseas (India) Limited
LAGNAM,Lagnam Spintex Limited
KGL,Karuturi Global Limited
NANDANI,Nandani Creation Limited
LFIC,Lakshmi Finance & Industrial Corporation Limited
ORTINLAB,Ortin Laboratories Limited
GUJRAFFIA,Gujarat Raffia Industries Limited
HINDCON,Hindcon Chemicals Limited
OILCOUNTUB,Oil Country Tubular Limited
LEXUS,Lexus Granito (India) Limited
PRITI,Priti International Limited
RELIABLE,Reliable Data Services Limited
KEERTI,Keerti Knowledge and Skills Limited
FOCUS,Focus Lighting and Fixtures Limited
CUBEXTUB,Cubex Tubings Limited
MERCATOR,Mercator Limited

HECPROJECT,HEC Infra Projects Limited
OMKARCHEM,Omkar Speciality Chemicals Limited
BRIGHT,Bright Solar Limited
AGROPHOS,Agro Phos India Limited
PEARLPOLY,Pearl Polymers Limited
GOLDSTAR,Goldstar Power Limited
NEXTMEDIA,Next Mediaworks Limited
AMBANIORG,Ambani Organics Limited
FELIX,Felix Industries Limited
HUSYSLTD,Husys Consulting Limited
SUPERSPIN,Super Spinning Mills Limited
EXCEL,Excel Realty N Infra Limited
SGL,STL Global Limited
METALFORGE,Metalyst Forgings Limited
DHARSUGAR,Dharani Sugars & Chemicals Limited
MANGTIMBER,Mangalam Timber Products Limited
BALKRISHNA,Balkrishna Paper Mills Limited
TIMESGTY,Times Guaranty Limited
KSHITIJPOL,Kshitij Polyline Limited
UNIINFO,Uniinfo Telecom Services Limited
PROLIFE,Prolife Industries Limited
ZODIAC,Zodiac Energy Limited
VIVIDHA,Visagar Polytex Limited
ROHITFERRO,Rohit Ferro-Tech Limited
JITFINFRA,JITF Infralogistics Limited
DIAPOWER,Diamond Power Infra Ltd
SONAHISONA,Sona Hi Sona Jewellers (Gujarat) Limited
MMNL,MIG Media Neurons Limited
MUKANDENGG,Mukand Engineers Limited
RMCL,Radha Madhav Corporation Limited
WILLAMAGOR,Williamson Magor & Company Limited
COX&KINGS,Cox & Kings Limited
MILTON,Milton Industries Limited
NAGREEKEXP,Nagreeka Exports Limited
SILLYMONKS,Silly Monks Entertainment Limited
SOMATEX,Soma Textiles & Industries Limited
TIJARIA,Tijaria Polypipes Limited
SEZAL,Sezal Glass Limited
MAGNUM,Magnum Ventures Limited
AGRITECH,Agri-Tech (India) Limited

JETFREIGHT,Jet Freight Logistics Limited
SIGMA,Sigma Solve Limited
BURNPUR,Burnpur Cement Limited
AVSL,AVSL Industries Limited
RKDL,Ravi Kumar Distilleries Limited
LAXMICOT,Laxmi Cotspin Limited
MARSHALL,Marshall Machines Limited
ORIENTALTL,Oriental Trimex Limited
KHANDSE,Khandwala Securities Limited
SOLEX,Solex Energy Limited
WSI,W S Industries (I) Limited
ATALREAL,Atal Realtech Limited
SHAHALLOYS,Shah Alloys Limited
KKVAPOW,KKV Agro Powers Limited
ASLIND,ASL Industries Limited
GOLDTECH,Goldstone Technologies Limited
NATNLSTEEL,National Steel And Agro Industries Limited
GICL,Globe International Carriers Limited
VSCL,Vadivarhe Speciality Chemicals Limited
NITINFIRE,Nitin Fire Protection Industries Limited
VERA,Vera Synthetic Limited
ADROITINFO,Adroit Infotech Limited
UWCSL,Ultra Wiring Connectivity System Limited
KARMAENG,Karma Energy Limited
SEPOWER,S.E. Power Limited
SURANI,Surani Steel Tubes Limited
ADL,Archidply Decor Limited
COUNCODOS,Country Condo's Limited
SRIRAM,Shri Ram Switchgears Limited
3PLAND,3P Land Holdings Limited
INNOVATIVE,Innovative Tyres and Tubes Limited
INFOMEDIA,Infomedia Press Limited
ARIHANT,Arihant Foundations & Housing Limited
PATSPINLTD,Patspin India Limited
21STCENMGM,21st Century Management Services Limited
MIC,MIC Electronics Limited
CADSYS,Cadsys (India) Limited
ANKITMETAL,Ankit Metal & Power Limited
PRAKASHSTL,Prakash Steelage Limited
RMDRIP,R M Drip and Sprinklers Systems Limited

WEWIN,WE WIN LIMITED
SPYL,Shekhawati Poly-Yarn Limited
NARMADA,Narmada Agrobase Limited
NKIND,NK Industries Limited
MOHITIND,Mohit Industries Limited
GAYAHWS,Gayatri Highways Limited
SSINFRA,S.S. Infrastructure Development Consultants Limited
CALSOFT,California Software Company Limited
LYPSAGEMS,Lypsa Gems & Jewellery Limited
ZODJRDMKJ,Zodiac JRD- MKJ Limited
S&SPOWER,S&S Power Switchgears Limited
TGBHOTELS,TGB Banquets And Hotels Limited
AVROIND,AVRO INDIA LIMITED
CYBERMEDIA,Cyber Media (India) Limited
HBSL,HB Stockholdings Limited
EASTSILK,Eastern Silk Industries Limited
SHUBHLAXMI,Shubhlaxmi Jewel Art Limited
MITTAL,Mittal Life Style Limited
INDLMETER,IMP Powers Limited
PARTYCRUS,Party Cruisers Limited
HILTON,Hilton Metal Forging Limited
CASTEXTECH,Castex Technologies Limited
EMCO,Emco Limited
AHIMSA,Ahimsa Industries Limited
HAVISHA,Sri Havisha Hospitality and Infrastructure Limited
CANDC,C & C Constructions Limited
BTML,Bodhi Tree Multimedia Limited
TNTELE,Tamilnadu Telecommunication Limited
PERFECT,Perfect Infraengineers Limited
MOHOTAIND,Mohota Industries Limited
UNITY,Unity Infraprojects Limited
SETUINFRA,Setubandhan Infrastructure Limited
MASKINVEST,Mask Investments Limited
ACEINTEG,Ace Integrated Solutions Limited
SECL,Salasar Exteriors and Contour Limited
ZENITHSTL,Zenith Steel Pipes & Industries Limited
SYNCOM,Syncom Healthcare Limited
CROWN,Crown Lifters Limited
DALALSTCOM,DSJ Communications Limited
UMESLTD,Usha Martin Education & Solutions Limited

ABINFRA,A B Infrabuild Limited
IMPEXFERRO,Impex Ferro Tech Limited
TVVISION,TV Vision Limited
VICEROY,Viceroy Hotels Limited
PAEL,PAE Limited
ABNINT,A B N Intercorp Limited
EASUNREYRL,Easun Reyrolle Limited
BSELINFRA,BSEL Infrastructure Realty Limited
DNAMEDIA,Diligent Media Corporation Limited
SKSTEXTILE,SKS Textiles Limited
BARTRONICS,Bartronics India Limited
SANCO,Sanco Industries Limited
ONELIFECAP,Onelife Capital Advisors Limited
PREMIER,Premier Limited
NAGREEKCAP,Nagreeka Capital & Infrastructure Limited
CMMIPL,CMM Infraprojects Limited
JETKNIT,Jet Knitwears Limited
MPTODAY,Madhya Pradesh Today Media Limited
EUROTEXIND,Eurotex Industries and Exports Limited
MINDPOOL,Mindpool Technologies Limited
THIRUSUGAR,Thiru Arooran Sugars Limited
RAJRAYON,Raj Rayon Industries Limited
ALPSINDUS,Alps Industries Limited
NORBTEAEXP,Norben Tea & Exports Limited
GLFL,Gujarat Lease Financing Limited
SPENTEX,Spentex Industries Limited
NIRAJISPAT,Niraj Ispat Industries Limited
DSML,Debock Sales And Marketing Limited
SECURCRED,SecUR Credentials Limited
AMJUMBO,A and M Jumbo Bags Limited
SUBCAPCITY,International Constructions Limited
ACCORD,Accord Synergy Limited
OMFURN,Omfurn India Limited
GTNTEX,GTN Textiles Limited
GFSTEELS,Grand Foundry Limited
CONTI,Continental Seeds and Chemicals Limited
TCIFINANCE,TCI Finance Limited
KALYANI,Kalyani Commercials Limited
TFL,Transwarranty Finance Limited
CREATIVEYE,Creative Eye Limited

VIJIFIN,Viji Finance Limited
KAUSHALYA,Kaushalya Infrastructure Development Corporation Limited
BKMINDST,Bkm Industries Limited
JALAN,Jalan Transolutions (India) Limited
PULZ,Pulz Electronics Limited
DRL,Dhanuka Realty Limited
TANTIACONS,Tantia Constructions Limited
TRANSWIND,Transwind Infrastructures Limited
SONISOYA,Soni Soya Products Limited
BHALCHANDR,Bhalchandram Clothing Limited
GRETEX,Gretex Industries Limited
TECHIN,Techindia Nirman Limited
RADAAN,Radaan Mediaworks India Limited
SMVD,SMVD Poly Pack Limited
LAKPRE,Lakshmi Precision Screws Limited
EUROCERA,Euro Ceramics Limited
NTL,Neueon Towers Limited
RAMSARUP,Ramsarup Industries Limited
MANAV,Manav Infra Projects Limited
ARENTERP,Rajdarshan Industries Limited
POWERFUL,Powerful Technologies Limited
VASA,Vasa Retail and Overseas Ltd
JIKIND,JIK Industries Limited
THOMASCOTT,Thomas Scott (India) Limited
MELSTAR,Melstar Information Technologies Limited
ORTEL,Ortel Communications Limited
BOHRA,Bohra Industries Limited
GBGLOBAL,GB Global Limited
DCMFINSERV,DCM Financial Services Limited
GISOLUTION,GI Engineering Solutions Limited
JAINSTUDIO,Jain Studios Limited
HOTELRUGBY,Hotel Rugby Limited
SABEVENTS,Sab Events & Governance Now Media Limited
BLUECHIP,Blue Chip India Limited
ABHISHEK,Abhishek Corporation Limited
AIFL,Ashapura Intimates Fashion Limited
ALCHEM,Alchemist Limited
AMBICAAGAR,Ambica Agarbathies & Aroma industries Limited
AMTEKAUTO,Amtek Auto Limited
ANTGRAPHIC,Antarctica Limited

ARCOTECH,Arcotech Limited
ASIL,Amit Spinning Industries Limited
ATCOM,Atcom Technologies Limited
ATLASCYCLE,Atlas Cycles (Haryana) Limited
ATNINTER,ATN International Limited
AUSTRAL,Austral Coke & Projects Limited
AUTOLITIND,Autolite (India) Limited
BGLOBAL,Bharatiya Global Infomedia Limited
BHARATIDIL,Bharati Defence and Infrastructure Limited
BILENERGY,Bil Energy Systems Limited
BINANIIND,Binani Industries Limited
BLUEBLENDS,Blue Blends (I) Limited
BLUECOAST,Blue Coast Hotels Limited
CCCL,Consolidated Construction Consortium Limited
CELESTIAL,Celestial Biolabs Limited
CHROMATIC,Chromatic India Limited
CKFSL,Cox & Kings Financial Service Limited
COFFEEDAY,Coffee Day Enterprises Limited
CURATECH,Cura Technologies Limited
DIGJAMLTD,Digjam Limited
DOLPHINOFF,Dolphin Offshore Enterprises (India) Limited
DQE,DQ Entertainment (International) Limited
DSKULKARNI,DS Kulkarni Developers Limited
EASTSUGIND,Eastern Sug & Inds Limited
EON,Eon Electric Limited
ESSDEE,Ess Dee Aluminium Limited
EUROMULTI,Euro Multivision Limited
FEDDERELEC,Fedders Electric and Engineering Limited
GAMMONIND,Gammon India Limited
GANGOTRI,Gangotri Textiles Limited
GITANJALI,Gitanjali Gems Limited
GUJNRECOKE,Gujarat NRE Coke Limited
GVKPIL,GVK Power & Infrastructure Limited
HIGHGROUND,High Ground Enterprise Limited
HINDSYNTEX,Hind Syntex Limited
ICDSLTD,ICDS Limited
ICSA,ICSA (India) Limited
INDSWFTLTD,Ind-Swift Limited
INTEGRA,Integra Garments and Textiles Limited
IVRCLINFRA,IVRCL Limited

JAIHINDPRO,Jaihind Projects Limited
JINDCOT,Jindal Cotex Limited
JPOLYINVST,Jindal Poly Investment and Finance Company Limited
JVLAGRO,JVL Agro Industries Limited
KAVVERITEL,Kavveri Telecom Products Limited
KHAITANLTD,Khaitan (India) Limited
KOHINOOR,Kohinoor Foods Limited
KSERASERA,KSS Limited
KSK,KSK Energy Ventures Limited
KWALITY,kwality limited
LAKSHMIEFL,Lakshmi Energy and Foods Limited
LEEL,LEEL Electricals Limited
MAFATLAFIN,Mafatlal Finance Limited
MANPASAND,Manpasand Beverages Limited
METKORE,Metkore Alloys & Industries Limited
MODTHREAD,Modern Thread Limited
MVL,MVL Limited
NAKODA,Nakoda Limited
NOESISIND,Noesis Industries Limited
NUTEK,Nu Tek India Limited
OISL,OCL Iron and Steel Limited
PARABDRUGS,Parabolic Drugs Limited
PARASPETRO,Paras Petrofils Limited
PBAINFRA,PBA Infrastructure Limited
PDPL,Parenteral Drugs (India) Limited
PETRONENGG,Petron Engineering Construction Limited
PINCON,Pincon Spirit Limited
PRADIP,Pradip Overseas Limited
PRATIBHA,Pratibha Industries Limited
PROSEED,Proseed India Limited
PRUDMOULI,Prudential Sugar Corporation Limited
PSL,PSL Limited
PVP,PVP Ventures Limited
QUINTEGRA,Quintegra Solutions Limited
RAINBOWPAP,Rainbow Papers Limited
RAJVIR,Rajvir Industries Limited
REGENCERAM,Regency Ceramics Limited
RMMIL,Resurgere Mines & Minerals Limited
RUSHABEAR,Rushabh Precision Bearings Limited
SABTN,Sri Adhikari Brothers Television Network Limited

SATHAISPAT,Sathavahana Ispat Limited
SBIHOMEFIN,SBI Home Finance Limited
SELMCL,SEL Manufacturing Company Limited
SHARONBIO,Sharon Bio-Medicine Limited
SHIRPUR-G,Shirpur Gold Refinery Limited
SHLAKSHMI,Shri Lakshmi Cotsyn Limited
SHYAMTEL,Shyam Telecom Limited
SIMPLEX,Simplex Projects Limited
SITASHREE,Sita Shree Food Products Limited
SMPL,Splendid Metal Products Limited
SPCENET,Spacenet Enterprises India Limited
SRSLTD,SRS Limited
STAMPEDE,Stampede Capital Limited
STERLINBIO,Sterling Biotech Limited
STINDIA,STI India Limited
SUJANAUNI,Sujana Universal Industries Limited
SUPREMEINF,Supreme Infrastructure India Limited
TALWALKARS,Talwalkars Better Value Fitness Limited
TALWGYM,Talwalkars Healthclubs Limited
TARAPUR,Tarapur Transformers Limited
TECHNOFAB,Technofab Engineering Limited
TECILCHEM,TECIL Chemicals and Hydro Power Limited
TULSI,Tulsi Extrusions Limited
UNIPLY,Uniply Industries Limited
VALECHAENG,Valecha Engineering Limited
VALUEIND,Value Industries Limited
VIMALOIL,Vimal Oil & Foods Limited
VISESHINFO,Visesh Infotecnics Limited
VISUINTL,Visu International Limited
WINSOME,Winsome Yarns Limited
XLENERGY,XL Energy Limited
ZICOM,Zicom Electronic Security Systems Limited
SIIL,Supreme (India) Impex Limited
OPAL,Opal Luxury Time Products Limited
FIVECORE,Five Core Electronics Limited
PUSHPREALM,Pushpanjali Realms and Infratech Limited
CKPLEISURE,CKP Leisure Limited
CKPPRODUCT,CKP Products Limited
FOURTHDIM,Fourth Dimension Solutions Limited
ARTEDZ,Artedz Fabs Limited
